{
	"vanillajs": {
		"bundleSize": 0.31,
		"complexityScore": 65,
		"bundleSizeZScore": -1.0972732521279107,
		"complexityZScore": 1.3363062095621219
	},
	"alpine": {
		"bundleSize": 0.31,
		"complexityScore": 25,
		"bundleSizeZScore": -1.0972732521279107,
		"complexityZScore": -0.8017837257372731
	},
	"vue": {
		"bundleSize": 0.9,
		"complexityScore": 55,
		"bundleSizeZScore": 1.1351102608219767,
		"complexityZScore": 0.8017837257372731
	},
	"react": {
		"bundleSize": 0.9,
		"complexityScore": 60,
		"bundleSizeZScore": 1.1351102608219767,
		"complexityZScore": 1.0690449676496976
	},
	"svelte": {
		"bundleSize": 0.94,
		"complexityScore": 45,
		"bundleSizeZScore": 1.28645829559824,
		"complexityZScore": 0.2672612419124244
	},
	"hyperscript": {
		"bundleSize": 0.5,
		"complexityScore": 20,
		"bundleSizeZScore": -0.37837008694065877,
		"complexityZScore": -1.0690449676496976
	},
	"cssOnly": {
		"bundleSize": 0.31,
		"complexityScore": 10,
		"bundleSizeZScore": -1.0972732521279107,
		"complexityZScore": -1.6035674514745462
	},
	"jquery": {
		"bundleSize": 0.63,
		"complexityScore": 40,
		"bundleSizeZScore": 0.11351102608219776,
		"complexityZScore": 0
	}
}
